iter,pi-lip_w=True_CPLip=True,pi-weights_w=True_CPLip=True,pi-lip_w=True_CPLip=False,pi-weights_w=True_CPLip=False,pi-lip_w=False_CPLip=True,pi-weights_w=False_CPLip=True,pi-lip_w=False_CPLip=False,pi-weights_w=False_CPLip=False,V-lip_w=True_CPLip=True,V-weights_w=True_CPLip=True,V-lip_w=True_CPLip=False,V-weights_w=True_CPLip=False,V-lip_w=False_CPLip=True,V-weights_w=False_CPLip=True,V-lip_w=False_CPLip=False,V-weights_w=False_CPLip=False
0,1.60656,[0.9948878  0.99942183 1.        ],5.784154,[0.9948878  0.99942183 1.        ],2.3352757,,9.930516,,22.482073,[0.9997815 0.9998373 1.       ],118.51462,[0.9997815 0.9998373 1.       ],112.15448,,718.3272,
1,1.60656,[0.9948878  0.99942183 1.        ],5.784154,[0.9948878  0.99942183 1.        ],2.3352757,,9.930516,,12.6785345,[1.         0.99998116 0.99985635],41.765125,[1.         0.99998116 0.99985635],147.46736,,867.4063,
2,1.60656,[0.9948878  0.99942183 1.        ],5.784154,[0.9948878  0.99942183 1.        ],2.3352757,,9.930516,,8.010613,[0.9999739 1.        0.9993559],18.880047,[0.9999739 1.        0.9993559],162.94077,,931.5707,
3,0.7169453,[0.99984264 1.         0.999905  ],2.2731502,[0.99984264 1.         0.999905  ],3.3229733,,17.142342,,10.278528,[1.         0.99979734 0.9997368 ],18.569248,[1.         0.99979734 0.9997368 ],203.723,,1091.1116,
4,0.37291518,[0.99996233 0.99991226 1.        ],1.1249714,[0.99996233 0.99991226 1.        ],2.9920487,,16.612253,,10.411258,[0.99941546 1.         0.9990445 ],17.514923,[0.99941546 1.         0.9990445 ],218.02744,,1150.3873,
5,0.27728936,[0.99984246 1.         0.99988395],0.8081662,[0.99984246 1.         0.99988395],2.8904831,,16.488451,,10.585759,[0.9994714  1.         0.99952585],17.020445,[0.9994714  1.         0.99952585],257.7148,,1346.2427,
6,0.19072592,[0.99983907 1.         0.99974567],0.5464553,[0.99983907 1.         0.99974567],2.5743706,,15.1585455,,10.10342,[1.         0.99944943 0.9982996 ],15.055483,[1.         0.99944943 0.9982996 ],387.48526,,2027.7307,
7,0.15764178,[0.999827  1.        0.9999943],0.44188803,[0.999827  1.        0.9999943],2.418517,,14.385683,,11.216285,[1.         0.99981815 0.9999278 ],16.364641,[1.         0.99981815 0.9999278 ],472.62387,,2482.4014,
8,0.2148308,[0.9999169 1.        0.9999499],0.62961394,[0.9999169 1.        0.9999499],2.599471,,15.345032,,12.04307,[1.         0.9997246  0.99993753],17.937693,[1.         0.9997246  0.99993753],634.13574,,3344.1392,
