iter,pi-lip_w=True_CPLip=True,pi-weights_w=True_CPLip=True,pi-lip_w=True_CPLip=False,pi-weights_w=True_CPLip=False,pi-lip_w=False_CPLip=True,pi-weights_w=False_CPLip=True,pi-lip_w=False_CPLip=False,pi-weights_w=False_CPLip=False,V-lip_w=True_CPLip=True,V-weights_w=True_CPLip=True,V-lip_w=True_CPLip=False,V-weights_w=True_CPLip=False,V-lip_w=False_CPLip=True,V-weights_w=False_CPLip=True,V-lip_w=False_CPLip=False,V-weights_w=False_CPLip=False
0,1.5496724,[0.99860317 1.         0.99433917],5.5134363,[0.99860317 1.         0.99433917],2.3329723,,9.929655,,22.323792,[0.99983287 0.9993992  1.        ],118.20518,[0.99983287 0.9993992  1.        ],113.389046,,728.6328,
1,1.5496724,[0.99860317 1.         0.99433917],5.5134363,[0.99860317 1.         0.99433917],2.3329723,,9.929655,,15.563002,[0.99936354 1.         0.9994996 ],44.849,[0.99936354 1.         0.9994996 ],191.58574,,1098.7714,
2,1.5496724,[0.99860317 1.         0.99433917],5.5134363,[0.99860317 1.         0.99433917],2.3329723,,9.929655,,9.275378,[0.99998426 1.         0.9999258 ],16.624924,[0.99998426 1.         0.9999258 ],206.9647,,1118.1328,
3,0.76664364,[0.9998658 1.        0.9998458],2.4699476,[0.9998658 1.        0.9998458],3.9119177,,21.156086,,10.775517,[1.        0.9994668 0.9982721],16.979923,[1.        0.9994668 0.9982721],226.41368,,1184.472,
4,0.3848678,[0.99996823 0.99991304 1.        ],1.1662712,[0.99996823 0.99991304 1.        ],3.6162026,,20.999935,,10.5602865,[0.9997338  1.         0.99971986],16.093441,[0.9997338  1.         0.99971986],275.5447,,1453.5532,
5,0.24566448,[0.9999974  1.         0.99977595],0.70184743,[0.9999974  1.         0.99977595],3.5262806,,21.308702,,11.841473,[1.        0.999333  0.9993293],17.02319,[1.        0.999333  0.9993293],436.1954,,2257.1829,
6,0.20809658,[0.9999584 0.9999525 1.       ],0.5838384,[0.9999584 0.9999525 1.       ],3.4181514,,20.844612,,11.96926,[0.99985236 1.         0.99875814],16.903536,[0.99985236 1.         0.99875814],503.5496,,2582.074,
